datetime,open,high,low,close,volume,oi,name,symbol,strike,expiry,contract_type,side,iv,delta,gamma,vega,theta,rho,vanna,charm,vomma,speed,zomma,color,veta,ultima,dual_delta,dual_gamma
2026-06-22 09:00:00,0.2,0.2,0.2,0.2,2,416,COPPER,COPPER26JUN800CE,1200.0,2026-06-23,OPT,PE,0.663540623388774,-0.011214204166758163,0.0005736566114035509,0.022785215159978882,-0.5948425916576942,-6.963470319612413e-06,-0.09959063133310432,-9.489870217744565,17.59128376016305,-2.594864827355473e-05,0.003564366598159249,0.3396441610241231,2003.462679964026,56.27153618156147,0.012420053752877221,0.0006849003564454218
2026-06-22 09:00:00,0.6,0.6,0.22,0.22,11,869,COPPER,COPPER26JUN800CE,1250.0,2026-06-23,OPT,PE,0.39476591679830286,-0.019524323040876645,0.0015532015262763302,0.03670295849106502,-0.5700620481810624,-7.659817351571415e-06,-0.24519167820273668,-13.900155122955344,39.148362743764174,-0.00010612972693879116,0.012632377849643937,0.716141807784551,2746.437376903238,120.04854414109374,0.02065623389695735,0.0017090141705290377
2026-06-22 09:00:00,6.5,6.5,1.36,4.0,9,831,COPPER,COPPER26JUN800CE,1300.0,2026-06-23,OPT,PE,0.2747748393725936,-0.2955632780401084,0.01624426727896619,0.26718415764370984,-2.8884780589948362,-0.00013926940639269011,-0.6547823777184487,-25.837364762549885,27.21467836704392,-0.00042287242009028057,-0.042572481912058896,-1.679887519028341,4910.816456678194,-269.50354883619775,0.3011865924355308,0.016525374228108777
2026-06-22 09:00:00,9.54,9.54,9.2,9.2,2,184,COPPER,COPPER26JUN800CE,1310.0,2026-06-23,OPT,CE,0.27832421202322466,0.5255004199175141,0.018488592271550964,0.3080267598904844,-3.3730349598132228,-0.00032031963470321377,-0.06800442050533662,-2.7180810547687866,0.3365404557952016,-6.90191025287727e-05,-0.06622625634176939,-2.647009287825613,4436.91750349018,-3.7310708594175503,-0.5189588935846137,0.01852248001566531
2026-06-22 09:00:00,2.11,5.29,2.11,4.51,6,319,COPPER,COPPER26JUN800CE,1320.0,2026-06-23,OPT,CE,0.26371083469952905,0.3364806909819688,0.01788664369835536,0.28235172386861723,-2.929542640534189,-0.00015702625570776423,0.6056481281795328,22.936261100458097,19.778317867117863,0.0003563879778297868,-0.055297402837780424,-2.0941461067119427,4803.772769194022,-211.24395009458232,-0.33082081970875565,0.01764895007765278
2026-06-22 09:00:00,2.98,3.0,2.98,3.0,3,378,COPPER,COPPER26JUN800CE,1330.0,2026-06-23,OPT,CE,0.3092833412050368,0.22036656201279578,0.012385692766382156,0.2293033743072674,-2.7902838198822626,-0.00010445205479452254,0.7562705497957273,33.58984410923187,45.11006806172894,0.00038960313417925546,-0.01568047757377355,-0.6964502285638727,5296.515718441331,-348.89694378161363,-0.21499596700088555,0.012038015608481828
2026-06-22 09:01:00,0.2,0.2,0.2,0.2,0,416,COPPER,COPPER26JUN800CE,1200.0,2026-06-23,OPT,PE,0.6597315159584234,-0.011282270284156298,0.0005805288226834154,0.022884978429605313,-0.5943421480955888,-6.959665144624752e-06,-0.10060102987550226,-9.536330925098008,17.736000285114343,-2.6405748079345874e-05,0.003619187315359442,0.34307569178861114,2010.0817937999816,56.79614769216493,0.012486811798046981,0.0006922491564280977
2026-06-22 09:01:00,0.49,0.49,0.49,0.49,1,868,COPPER,COPPER26JUN800CE,1250.0,2026-06-23,OPT,PE,0.4461973035996636,-0.03548433718560683,0.0022656914826447955,0.06040699095529516,-1.061042879586212,-1.705117960422107e-05,-0.3116330543224987,-19.97938487876561,43.49742337057568,-0.00012034258508637503,0.01123684577942383,0.7204154486709506,3656.6604266545187,20.737849993449956,0.03759065648371693,0.0024898998921826392
2026-06-22 09:01:00,1.0,1.0,0.77,0.78,6,122,COPPER,COPPER26JUN800CE,1270.0,2026-06-23,OPT,PE,0.3528978534530083,-0.06497078276435311,0.004646422635952405,0.09797769462303096,-1.3611156394474697,-2.7142694063981874e-05,-0.5364237625297807,-27.199985977043287,62.79267073970198,-0.0002614813513569251,0.016611857290418766,0.8423233960053171,4591.76806857387,-131.40699959697733,0.0676512315169939,0.004946663963623423
2026-06-22 09:01:00,3.04,3.04,3.04,3.04,1,148,COPPER,COPPER26JUN800CE,1290.0,2026-06-23,OPT,PE,0.33124767178922965,-0.20829680065948197,0.01120162446681984,0.2217141099798742,-2.8911122781974448,-0.00010578691019786983,-0.6864786594258812,-32.6731894341726,43.10695890901539,-0.000363925078559859,-0.012037606569391637,-0.5729340517368825,5237.3914573766815,-306.6714632604601,0.21394577102029347,0.011558533303982212
2026-06-22 09:01:00,4.8,5.09,4.8,5.0,8,835,COPPER,COPPER26JUN800CE,1300.0,2026-06-23,OPT,PE,0.3022859137306212,-0.3244331543366935,0.01539184737627491,0.27801494818533207,-3.3082997213199326,-0.00017399162861491828,-0.5205402646356624,-22.60913222975039,18.321780744042798,-0.00031168069747404325,-0.0407746188638728,-1.77100372851314,4790.447580341237,-169.8545961061914,0.33087227777789213,0.015638863321404992
2026-06-22 09:01:00,9.1,9.21,8.84,9.09,9,186,COPPER,COPPER26JUN800CE,1310.0,2026-06-23,OPT,CE,0.28844270904540203,0.5103719950197475,0.01788644144149297,0.30827833174862906,-3.500429674559412,-0.000316316780821919,-0.012424800384487173,-0.5149447577994839,0.024972977915416316,-3.450833951761773e-05,-0.06199588864788601,-2.569414145615435,4430.534488028563,-0.36699139259533925,-0.5035850065297152,0.017897092969022046
2026-06-22 09:01:00,7.93,8.75,7.57,8.7,20,172,COPPER,COPPER26JUN800CE,1310.0,2026-06-23,OPT,PE,0.28844270904539554,-0.48962800498025244,0.017886441441493373,0.30827833174862906,-3.5004296745593333,-0.000302745433789952,-0.012424800384488267,-0.5149447577995178,0.024972977915418713,-3.450833951761914e-05,-0.06199588864788879,-2.569414145615492,4430.534488028563,-0.36699139259536995,0.4964149934702846,0.017897092969022452
2026-06-22 09:01:00,4.71,5.1,4.71,4.71,5,320,COPPER,COPPER26JUN800CE,1320.0,2026-06-23,OPT,CE,0.2805096880910128,0.33239657888020707,0.016749905030199783,0.2807499603314409,-3.1001760710212367,-0.00016390011415525044,0.582454626896836,23.475865910710805,19.50902707753223,0.0003219351856218817,-0.04807305666994066,-1.9375872045418876,4820.27029126069,-195.18656294864977,-0.32640844924154133,0.01650690405357338
2026-06-22 09:01:00,12.72,12.72,12.72,12.72,2,220,COPPER,COPPER26JUN800CE,1320.0,2026-06-23,OPT,PE,0.2220460730609007,-0.7092842365129375,0.01996597462743485,0.26490679672953266,-2.3155544033610274,-0.0004426347031963519,0.8710683024073899,27.79117844017991,37.12068125305935,0.0006260491825104456,-0.061940374865607134,-1.9761894742171928,4990.639700748628,-449.60270756778874,0.7137567959728698,0.019676316189072538
2026-06-22 09:01:00,2.99,2.99,2.99,2.99,1,378,COPPER,COPPER26JUN800CE,1330.0,2026-06-23,OPT,CE,0.31668462660331737,0.21599373096230623,0.011967971150468165,0.22646808308758648,-2.8232723585410713,-0.0001040469939117163,0.7442410737640214,33.86509288177405,45.20669599029247,0.00037503664033404445,-0.013901441665160674,-0.6325552697599427,5311.042008552884,-338.0885963459931,-0.21056092113962144,0.011617652769839094
2026-06-22 09:01:00,0.99,1.0,0.89,0.9,9,761,COPPER,COPPER26JUN800CE,1350.0,2026-06-23,OPT,CE,0.3484945698598412,0.07517244647480309,0.0052639453574999,0.1096142147866539,-1.5037709248480824,-3.1318493150725186e-05,0.5936197189145168,29.72459799506974,65.99968540803003,0.0002770366863676167,0.016589866085058462,0.8307121284180522,4879.825789059558,-170.80357306143839,-0.07230016454527115,0.0049595808658534765
2026-06-22 09:01:00,0.5,0.5,0.5,0.5,2,298,COPPER,COPPER26JUN800CE,1360.0,2026-06-23,OPT,CE,0.3659257909335103,0.04356933568731368,0.0032648692989974415,0.07138686491996109,-1.0283243524238548,-1.739916286148273e-05,0.4371819305837479,22.98618401991643,57.81131253818782,0.00019496155695643283,0.01751771419991606,0.9210476784113975,4065.3301803468585,-5.810094822364922,-0.041612368964190606,0.003031022244834476
2026-06-22 09:02:00,0.2,0.2,0.2,0.2,0,416,COPPER,COPPER26JUN800CE,1200.0,2026-06-23,OPT,PE,0.6624750775399739,-0.01123847441699491,0.0005761024085661551,0.022810553480952577,-0.5951982874145034,-6.955859969559687e-06,-0.09990554337428734,-9.514989215309656,17.627002724882797,-2.6111038399962116e-05,0.0035822473650649104,0.3411727106820032,2006.726041948353,56.382477636791016,0.012443857081652356,0.0006875162248425605
2026-06-22 09:02:00,0.4,1.2,0.4,1.0,43,877,COPPER,COPPER26JUN800CE,1250.0,2026-06-23,OPT,PE,0.5175559390199354,-0.05773745032691953,0.0028887189520614997,0.08935712246349976,-1.8215570451748089,-3.477929984782216e-05,-0.3447102584508006,-25.648423384467574,41.94760859622006,-0.00011584443045487678,0.007979275643733887,0.5937039440938677,4405.773885202589,-46.261417584746575,0.06135088080645032,0.003177100972484101
2026-06-22 09:02:00,0.69,0.69,0.69,0.69,1,20,COPPER,COPPER26JUN800CE,1260.0,2026-06-23,OPT,PE,0.4137899346645424,-0.050986134116124564,0.0032745621643088686,0.08098409801992737,-1.3198846462004103,-2.3997716894951393e-05,-0.40782349493110764,-24.26058863472448,51.5609129071905,-0.00016989778866394073,0.012934879322611666,0.7694696116973248,4231.510800090337,-45.56989800554404,0.05359383577314929,0.003544523842874478
2026-06-22 09:02:00,0.81,0.92,0.8,0.92,5,119,COPPER,COPPER26JUN800CE,1270.0,2026-06-23,OPT,PE,0.37022290459437146,-0.07173013187842557,0.004779932274615718,0.10576734791375116,-1.5423083273647766,-3.199695585993552e-05,-0.5325704017570059,-28.34584967241397,60.23686558938589,-0.0002479765043465289,0.014311823549292587,0.7617411661030692,4726.633698410211,-145.08734661522192,0.07476515526042982,0.005092840256221145
2026-06-22 09:02:00,1.55,1.55,1.16,1.39,9,319,COPPER,COPPER26JUN800CE,1280.0,2026-06-23,OPT,PE,0.3334358157602735,-0.11061015922116677,0.007323475624424651,0.14594730350270307,-1.916746274892447,-4.8343226788382366e-05,-0.6814624841526612,-32.66655745053534,64.44727276167362,-0.0003531235180558569,0.010375260455419387,0.49734805600142046,5187.533888692355,-295.3122820601693,0.11436715923798302,0.0076814472743097295
2026-06-22 09:02:00,1.82,2.46,1.82,2.4,12,148,COPPER,COPPER26JUN800CE,1290.0,2026-06-23,OPT,PE,0.3062021918197594,-0.18420435523423856,0.011245815711686168,0.2058097025852306,-2.482163843607587,-8.347031963471229e-05,-0.7662974228667816,-33.73298937795197,53.285812256032116,-0.0004358760867026706,-0.007610429249312962,-0.3350168242355677,5304.47750899127,-384.1752266158293,0.18905064443419836,0.011613344107508215
2026-06-22 09:02:00,15.0,15.0,15.0,15.0,2,456,COPPER,COPPER26JUN800CE,1300.0,2026-06-23,OPT,CE,0.27505904334246717,0.6996222682910158,0.016360001424406072,0.2689526656145693,-2.913788911050981,-0.000521689497716899,-0.6413636358632736,-25.361762440193747,25.947787558334458,-0.00041509198091146363,-0.04369448047220624,-1.7278326548591845,4892.628709181099,-258.065864172347,-0.6939552520964426,0.01663575000445947
2026-06-22 09:02:00,4.61,4.61,4.3,4.59,16,838,COPPER,COPPER26JUN800CE,1300.0,2026-06-23,OPT,PE,0.29349517551909204,-0.31153815160686993,0.015581888757890195,0.27333022185127565,-3.159693273226313,-0.00015963698630137296,-0.571218963659113,-24.101981743833726,21.704766615674796,-0.0003494106172504549,-0.04071742564075368,-1.7180288328715332,4845.305486322877,-204.7177747336641,0.31768344486381683,0.015844522212990535
2026-06-22 09:02:00,9.1,9.1,9.09,9.1,6,186,COPPER,COPPER26JUN800CE,1310.0,2026-06-23,OPT,CE,0.28015215737556964,0.5200549026151654,0.018396431474612965,0.3080308015211533,-3.3989472308905597,-0.00031649162861491713,-0.04802794040771154,-1.9343591128070843,0.18673287719343626,-5.675024150881615e-05,-0.06555433497542576,-2.6402469930474592,4435.88483746777,-2.105621718565833,-0.5134695972421728,0.018421998752747495
2026-06-22 09:02:00,8.8,8.85,7.88,8.19,13,181,COPPER,COPPER26JUN800CE,1310.0,2026-06-23,OPT,PE,0.28015215737556354,-0.4799450973848343,0.018396431474613367,0.3080308015211533,-3.398947230890486,-0.00028484246575342264,-0.04802794040771415,-1.934359112807147,0.18673287719344914,-5.675024150881895e-05,-0.06555433497542862,-2.6402469930475165,4435.88483746777,-2.1056217185660144,0.4865304027578268,0.018421998752747894
2026-06-22 09:02:00,4.83,4.83,4.74,4.74,7,321,COPPER,COPPER26JUN800CE,1320.0,2026-06-23,OPT,CE,0.2754617358043743,0.3382483260339597,0.017171607706589362,0.28270847358881396,-3.067301101761129,-0.0001648538812785431,0.5754756050267381,22.78963489309534,18.563292085273805,0.00032334374919441514,-0.051062267978033725,-2.022136879249146,4799.45314670459,-190.07842811956561,-0.33232811597058937,0.016935922148863858
2026-06-22 09:02:00,12.72,12.72,12.72,12.72,0,220,COPPER,COPPER26JUN800CE,1320.0,2026-06-23,OPT,PE,0.23559496659241166,-0.6880760604499552,0.019421718402136003,0.27347664808138483,-2.5377133300518477,-0.00044239269406393187,0.757196107384501,25.646231005779708,28.707533493557516,0.0005081133574246468,-0.062049431081130306,-2.101614136370358,4903.924942679416,-335.5137435253345,0.6929740821245839,0.019155149388225996
2026-06-22 09:02:00,2.67,2.67,2.61,2.61,6,382,COPPER,COPPER26JUN800CE,1330.0,2026-06-23,OPT,CE,0.29483804179620954,0.20531800540456804,0.012476523079077522,0.21985871232641443,-2.5531921659842696,-9.077397260282127e-05,0.8103828695725949,34.34969930614329,51.54714093326293,0.0004408404616617592,-0.013064604118068762,-0.5537693846442573,5345.698373504997,-403.71739256785247,-0.20040859132699243,0.012120932847610849
2026-06-22 09:02:00,21.7,21.7,21.7,21.7,1,250,COPPER,COPPER26JUN800CE,1330.0,2026-06-23,OPT,PE,0.29483804179610157,-0.7946819945955195,0.012476523079078934,0.2198587123263588,-2.553192165982689,-0.0007547108066971096,0.8103828695729771,34.34969930614692,51.54714093330651,0.00044084046166214223,-0.0130646041180536,-0.553769384643412,5345.6983735052445,-403.7173925682531,0.799591408673092,0.012120932847612221
2026-06-22 09:02:00,1.75,1.75,1.49,1.49,4,285,COPPER,COPPER26JUN800CE,1340.0,2026-06-23,OPT,CE,0.31854443719770065,0.123240808488436,0.008276531772346331,0.15757415959690688,-1.9770212160668543,-5.1821156773261315e-05,0.7535724284248688,34.50993926715535,67.51781059916073,0.0003831843260942453,0.009481165695806086,0.4341911142211144,5357.330236794001,-346.6244481444632,-0.11945343899669715,0.007921082610476231
2026-06-22 09:02:00,0.97,1.0,0.95,0.95,12,761,COPPER,COPPER26JUN800CE,1350.0,2026-06-23,OPT,CE,0.34949191565141047,0.07849036308147186,0.005423479271907861,0.11328742527153464,-1.5594632538130497,-3.304033485539208e-05,0.6020583757985932,30.24996707994101,65.87493867840114,0.0002799527724020852,0.01601853620167965,0.8048392186669832,4938.4980706371125,-182.44970951299297,-0.07551392730898711,0.00511394673743997
2026-06-22 09:02:00,0.6,0.83,0.6,0.83,4,295,COPPER,COPPER26JUN800CE,1360.0,2026-06-23,OPT,CE,0.4024662593529351,0.06214293580193348,0.00393500337732928,0.09465448008719589,-1.5004687561716217,-2.886681887372497e-05,0.47480582103729196,27.472278560547892,56.41983065192693,0.0001913841785107998,0.013677789400190979,0.7913972909465301,4625.240638156244,-84.2921244014046,-0.0592895558618463,0.003656057736517788
2026-06-22 09:02:00,0.6,0.67,0.6,0.67,3,269,COPPER,COPPER26JUN800CE,1370.0,2026-06-23,OPT,CE,0.4443311064192218,0.047515471346937184,0.0028825501581642467,0.07655087845097884,-1.339717412146088,-2.3302130898021865e-05,0.3778712865031324,24.137916454727886,48.76935829107654,0.00013789097233647975,0.01187688058542817,0.7586793745744648,4215.845474501157,-18.601865391483596,-0.044977012075484234,0.002639255841841624
2026-06-22 09:02:00,0.49,0.49,0.49,0.49,75,72,COPPER,COPPER26JUN800CE,1390.0,2026-06-23,OPT,CE,0.5284453752817238,0.031147549675524546,0.0017180905498126525,0.054264116718192965,-1.1294555523470051,-1.7041856925438904e-05,0.25175011732703795,19.125771049204527,36.28215126786396,7.708698012024394e-05,0.008236304658711913,0.6257223586092145,3536.5212672840735,36.59652150059808,-0.029022758521684382,0.0015281366838016354
2026-06-22 09:03:00,0.2,0.2,0.2,0.2,0,416,COPPER,COPPER26JUN800CE,1200.0,2026-06-23,OPT,PE,0.6617198369638915,-0.011254435387974866,0.0005777136411113063,0.022829154106014955,-0.5953302121401288,-6.952054794495084e-06,-0.10012136383658825,-9.529886416713543,17.653506472424077,-2.6218192486271587e-05,0.0035943404389883102,0.34212134966984215,2008.6997654825063,56.46982141374839,0.012459511293104734,0.0006892392208405946
2026-06-22 09:03:00,0.99,0.99,0.75,0.75,12,891,COPPER,COPPER26JUN800CE,1250.0,2026-06-23,OPT,PE,0.48638000660939185,-0.04761365007670194,0.0026388075549230246,0.07664546730987631,-1.4691161732712341,-2.6070205479453046e-05,-0.33438138814336427,-23.394007467175527,43.1127446730944,-0.00011914982956534415,0.009417775628163138,0.658886891380962,4118.74253243872,-23.43944233083245,0.05052653074282783,0.00290139959010102
2026-06-22 09:03:00,0.69,0.69,0.69,0.69,0,20,COPPER,COPPER26JUN800CE,1260.0,2026-06-23,OPT,PE,0.41270622012736746,-0.05112085841445595,0.003291440734754078,0.08112040261000283,-1.3193653098082563,-2.398458904114126e-05,-0.4094452298961793,-24.306568082981713,51.70363518865769,-0.0001711537526749924,0.01300336183413069,0.7719398753505735,4236.222667543951,-46.32376702434465,0.053726294873807146,0.003561761227636928
2026-06-22 09:03:00,0.97,1.09,0.97,1.09,6,121,COPPER,COPPER26JUN800CE,1270.0,2026-06-23,OPT,PE,0.3844109634828473,-0.08018426733222826,0.005013261777281017,0.11508512439097014,-1.7434476275734447,-3.788869863014452e-05,-0.5350800590149603,-29.587028167344187,58.04780299845455,-0.0002407376530103526,0.012244986464905048,0.6770814074305929,4865.140640786339,-160.26624192144575,0.0836134825808649,0.00533989593395965
2026-06-22 09:03:00,1.4,1.71,1.4,1.64,13,321,COPPER,COPPER26JUN800CE,1280.0,2026-06-23,OPT,PE,0.3485902917751823,-0.1221623237363186,0.007519818341624144,0.1565401265513333,-2.150477571982393,-5.7006849315049255e-05,-0.6646122918544919,-33.32502397960569,59.79492922523822,-0.0003307383964527635,0.007151991257853246,0.3586155162806876,5249.95063462422,-286.25140926147054,0.1263754695059898,0.007885101037386877
2026-06-22 09:03:00,2.47,2.68,2.47,2.61,18,145,COPPER,COPPER26JUN800CE,1290.0,2026-06-23,OPT,PE,0.3146350179514904,-0.19262538082832978,0.011255081786650124,0.21147486445075708,-2.6221634590247462,-9.072431506851537e-05,-0.739046854213052,-33.44766793633316,49.58775345197588,-0.00041050823967933147,-0.00938035056313821,-0.4245344513323572,5286.139311154072,-356.6096550927595,0.19774258849558837,0.01161954406284899
2026-06-22 09:03:00,15.0,15.0,15.0,15.0,0,456,COPPER,COPPER26JUN800CE,1300.0,2026-06-23,OPT,CE,0.2800339962886864,0.6934541380763319,0.016222725914381203,0.27129240293989226,-2.993934808197777,-0.0005214041095890372,-0.6132277810136781,-24.701276274153248,23.962734887814076,-0.00039145147505381764,-0.04360205207443059,-1.7563234539540593,4867.5710573083725,-235.640899532378,-0.6876340060456998,0.016491379231772532
2026-06-22 09:03:00,4.25,4.55,4.02,4.18,36,836,COPPER,COPPER26JUN800CE,1300.0,2026-06-23,OPT,PE,0.27634184239291076,-0.3042547744418727,0.016384873533990724,0.2703913447961281,-2.944647975884091,-0.0001452979452054955,-0.62790963170231,-24.959196900696625,24.85364273486573,-0.0004054950174950434,-0.04423151350703379,-1.7581878013957168,4877.296987052763,-247.06330086729957,0.30997909073573215,0.01665621206570085
2026-06-22 09:03:00,9.0,9.0,8.5,8.6,8,192,COPPER,COPPER26JUN800CE,1310.0,2026-06-23,OPT,CE,0.26719316457621983,0.5170521572394002,0.01930350758859461,0.3080098588505749,-3.243276016037828,-0.00029893835616438434,-0.040281418689515985,-1.5481638237021018,0.13309380751487995,-5.4699872923576304e-05,-0.07216210210810674,-2.773456336957293,4435.601926638662,-1.6008448898280836,-0.510771453081547,0.019324732542649416
2026-06-22 09:03:00,7.89,8.19,7.88,7.88,6,182,COPPER,COPPER26JUN800CE,1310.0,2026-06-23,OPT,PE,0.2671931645762129,-0.48294784276059943,0.019303507588595115,0.3080098588505749,-3.243276016037744,-0.0002739109589041094,-0.040281418689518685,-1.5481638237021655,0.13309380751489108,-5.469987292357942e-05,-0.0721621021081105,-2.7734563369573655,4435.601926638662,-1.600844889828247,0.4892285469184525,0.01932473254264992
2026-06-22 09:03:00,4.7,4.7,4.2,4.2,28,344,COPPER,COPPER26JUN800CE,1320.0,2026-06-23,OPT,CE,0.2585228010402445,0.32446287507846416,0.018003393252927918,0.2779433349340355,-2.831711900595613,-0.00014599315068493507,0.6545800403979837,24.341560955776924,23.028681097306325,0.00039652412623798506,-0.054722971161790236,-2.0349574628124314,4854.359413499005,-248.2503096827323,-0.3189999845627609,0.01775114445324895
2026-06-22 09:03:00,12.72,12.72,12.72,12.72,0,220,COPPER,COPPER26JUN800CE,1320.0,2026-06-23,OPT,PE,0.2308262893753989,-0.6955384804398363,0.019621663076457095,0.2704731305428871,-2.460386565476354,-0.0004421506849315118,0.7963956862769648,26.442406823774743,31.486224873436978,0.0005478105580142837,-0.06216428573943588,-2.064015867685002,4935.973970646776,-372.66012374930443,0.7002849977894714,0.019346740405535797
2026-06-22 09:03:00,2.6,2.6,2.02,2.31,23,382,COPPER,COPPER26JUN800CE,1330.0,2026-06-23,OPT,CE,0.28276829282827287,0.19281890409617175,0.012531165729501003,0.2116046596979045,-2.35803303949888,-8.02962328766976e-05,0.8562619398961542,34.82764939498134,57.40574343474256,0.00048795476169466364,-0.010320508974184682,-0.41977699975109806,5378.696104185305,-453.37893131905116,-0.18828691276461249,0.012170489454228679
